Path;SteerAngle;Throttle;Brake;Speed;X_Position;Y_Position;Pitch;Yaw;Roll
C:\D drive\Fall 2020\EC500\IMG\robocam_2020_12_12_20_37_17_411.jpg;0;0;1;0;99.66999;85.58897;0.0002359167;56.82556;-3.826192E-07
C:\D drive\Fall 2020\EC500\IMG\robocam_2020_12_12_20_37_17_420.jpg;0;0;0;0;99.66999;85.58897;0.000235871;56.82556;-2.291937E-07
C:\D drive\Fall 2020\EC500\IMG\robocam_2020_12_12_20_37_17_460.jpg;0;0;0;0;99.66999;85.58897;0.0002359167;56.82556;-3.826192E-07
C:\D drive\Fall 2020\EC500\IMG\robocam_2020_12_12_20_37_17_509.jpg;0;0;0;0;99.66999;85.58897;0.0002359015;56.82556;-3.314796E-07
C:\D drive\Fall 2020\EC500\IMG\robocam_2020_12_12_20_37_17_550.jpg;0;0;0;0;99.66999;85.58897;0.0002358862;56.82556;-2.803334E-07
C:\D drive\Fall 2020\EC500\IMG\robocam_2020_12_12_20_37_17_597.jpg;0;0;0;0;99.66999;85.58897;0.0002359167;56.82556;-3.826192E-07
C:\D drive\Fall 2020\EC500\IMG\robocam_2020_12_12_20_37_17_640.jpg;0;0;0;0;99.66999;85.58897;0.000235871;56.82556;-2.291937E-07
C:\D drive\Fall 2020\EC500\IMG\robocam_2020_12_12_20_37_17_682.jpg;0;0;0;0;99.66999;85.58897;0.0002359015;56.82556;-3.314796E-07
C:\D drive\Fall 2020\EC500\IMG\robocam_2020_12_12_20_37_17_728.jpg;0;0;0;0;99.66999;85.58897;0.0002359319;56.82556;-4.337589E-07
C:\D drive\Fall 2020\EC500\IMG\robocam_2020_12_12_20_37_17_770.jpg;0;0;0;0;99.66999;85.58897;0.000235871;56.82556;-2.291937E-07
C:\D drive\Fall 2020\EC500\IMG\robocam_2020_12_12_20_37_17_811.jpg;0;0;0;0;99.66999;85.58897;0.000236106;56.82556;-2.705497E-07
C:\D drive\Fall 2020\EC500\IMG\robocam_2020_12_12_20_37_17_852.jpg;-2.488164;0;0;0;99.66999;85.58897;0.0002362585;56.67515;8.090631E-07
C:\D drive\Fall 2020\EC500\IMG\robocam_2020_12_12_20_37_17_898.jpg;-5.25327;0;0;0;99.66999;85.58897;0.0002365775;56.21184;2.308866E-06
C:\D drive\Fall 2020\EC500\IMG\robocam_2020_12_12_20_37_17_946.jpg;-8.020902;0;0;0;99.66999;85.58897;0.0002365378;54.98444;7.19225E-06
C:\D drive\Fall 2020\EC500\IMG\robocam_2020_12_12_20_37_17_988.jpg;-9.98922;0;0;0;99.66999;85.58897;0.0002364324;53.82814;1.170498E-05
C:\D drive\Fall 2020\EC500\IMG\robocam_2020_12_12_20_37_18_032.jpg;-12.05422;0;0;0;99.66999;85.58897;0.0002369374;52.45984;1.616104E-05
C:\D drive\Fall 2020\EC500\IMG\robocam_2020_12_12_20_37_18_081.jpg;-12.8372;0;0;0;99.66999;85.58897;0.0002362223;50.19615;2.343556E-05
C:\D drive\Fall 2020\EC500\IMG\robocam_2020_12_12_20_37_18_127.jpg;-10.09692;0;0;0;99.66999;85.58897;0.0002354;48.90429;2.669135E-05
C:\D drive\Fall 2020\EC500\IMG\robocam_2020_12_12_20_37_18_172.jpg;-7.422685;0;0;0;99.66999;85.58897;0.0002353926;47.93925;2.813071E-05
C:\D drive\Fall 2020\EC500\IMG\robocam_2020_12_12_20_37_18_217.jpg;-4.634976;0;0;0;99.66999;85.58897;0.000234882;47.21638;2.828293E-05
C:\D drive\Fall 2020\EC500\IMG\robocam_2020_12_12_20_37_18_259.jpg;-1.968451;0;0;0;99.66999;85.58897;0.000234847;46.82161;2.624784E-05
C:\D drive\Fall 2020\EC500\IMG\robocam_2020_12_12_20_37_18_308.jpg;0;0;0;0;99.66999;85.58897;0.0002357045;46.70759;2.229686E-05
C:\D drive\Fall 2020\EC500\IMG\robocam_2020_12_12_20_37_18_353.jpg;0;0;0;0;99.66999;85.58897;0.0002362108;46.70759;1.899584E-05
C:\D drive\Fall 2020\EC500\IMG\robocam_2020_12_12_20_37_18_399.jpg;0;0;0;0;99.66999;85.58897;0.000237188;46.70759;1.392974E-05
C:\D drive\Fall 2020\EC500\IMG\robocam_2020_12_12_20_37_18_443.jpg;0;0;0;0;99.66999;85.58897;0.0002375754;46.70759;1.063895E-05
C:\D drive\Fall 2020\EC500\IMG\robocam_2020_12_12_20_37_18_487.jpg;0;0;0;0;99.66999;85.58897;0.0002376858;46.70759;7.467802E-06
C:\D drive\Fall 2020\EC500\IMG\robocam_2020_12_12_20_37_18_534.jpg;0;0;0;0;99.66999;85.58897;0.0002379748;46.70759;4.425003E-06
C:\D drive\Fall 2020\EC500\IMG\robocam_2020_12_12_20_37_18_580.jpg;0;0;0;0;99.66999;85.58897;0.0002383788;46.70759;-6.481858E-08
C:\D drive\Fall 2020\EC500\IMG\robocam_2020_12_12_20_37_18_628.jpg;0;0;0;0;99.66999;85.58897;0.0002389662;46.70759;-2.702174E-06
C:\D drive\Fall 2020\EC500\IMG\robocam_2020_12_12_20_37_18_670.jpg;0;0;0;0;99.66999;85.58897;0.000239119;46.70759;-4.823086E-06
C:\D drive\Fall 2020\EC500\IMG\robocam_2020_12_12_20_37_18_711.jpg;0;0;0;0;99.66999;85.58897;0.0002392325;46.70759;-6.844805E-06
C:\D drive\Fall 2020\EC500\IMG\robocam_2020_12_12_20_37_18_754.jpg;-2.488116;0;0;0;99.66999;85.58897;0.0002383732;46.5505;-8.241417E-06
C:\D drive\Fall 2020\EC500\IMG\robocam_2020_12_12_20_37_18_800.jpg;-5.278782;0;0;0;99.66999;85.58897;0.00023952;45.77179;-7.155096E-06
C:\D drive\Fall 2020\EC500\IMG\robocam_2020_12_12_20_37_18_841.jpg;-7.723776;0;0;0;99.66999;85.58897;0.0002399105;44.91898;-4.940745E-06
C:\D drive\Fall 2020\EC500\IMG\robocam_2020_12_12_20_37_18_889.jpg;-10.54384;0;0;0;99.66999;85.58897;0.0002401748;43.74371;-2.325301E-06
C:\D drive\Fall 2020\EC500\IMG\robocam_2020_12_12_20_37_18_930.jpg;-13.00195;0;0;0;99.66999;85.58897;0.0002402746;42.2878;1.174349E-06
C:\D drive\Fall 2020\EC500\IMG\robocam_2020_12_12_20_37_18_974.jpg;-15;0;0;0;99.66999;85.58897;0.0002400683;40.53188;6.603347E-06
C:\D drive\Fall 2020\EC500\IMG\robocam_2020_12_12_20_37_19_017.jpg;-15;0;0;0;99.66999;85.58897;0.0002397265;38.73193;1.127939E-05
C:\D drive\Fall 2020\EC500\IMG\robocam_2020_12_12_20_37_19_061.jpg;-15;0;0;0;99.66999;85.58897;0.0002391237;36.03198;1.786415E-05
C:\D drive\Fall 2020\EC500\IMG\robocam_2020_12_12_20_37_19_102.jpg;-15;0;0;0;99.66999;85.58897;0.0002386679;34.23203;2.172191E-05
C:\D drive\Fall 2020\EC500\IMG\robocam_2020_12_12_20_37_19_142.jpg;-15;0;0;0;99.66999;85.58897;0.000238644;32.43205;2.401461E-05
C:\D drive\Fall 2020\EC500\IMG\robocam_2020_12_12_20_37_19_194.jpg;-12.65989;0;0;0;99.66999;85.58897;0.0002387038;30.77943;2.579591E-05
C:\D drive\Fall 2020\EC500\IMG\robocam_2020_12_12_20_37_19_234.jpg;-10.21956;0;0;0;99.66999;85.58897;0.0002385084;29.39943;2.602678E-05
C:\D drive\Fall 2020\EC500\IMG\robocam_2020_12_12_20_37_19_278.jpg;-8.353854;0;0;0;99.66999;85.58897;0.0002390309;28.22192;2.497669E-05
C:\D drive\Fall 2020\EC500\IMG\robocam_2020_12_12_20_37_19_326.jpg;-6.787873;0;0;0;99.66999;85.58897;0.000240478;26.90852;2.227661E-05
C:\D drive\Fall 2020\EC500\IMG\robocam_2020_12_12_20_37_19_373.jpg;-4.263685;0;0;0;99.66999;85.58897;0.000240294;26.23739;1.912938E-05
C:\D drive\Fall 2020\EC500\IMG\robocam_2020_12_12_20_37_19_415.jpg;-1.920229;0;0;0;99.66999;85.58897;0.0002398617;25.84134;1.519679E-05
C:\D drive\Fall 2020\EC500\IMG\robocam_2020_12_12_20_37_19_465.jpg;1.104191;0;0;0;99.66999;85.58897;0.0002405141;25.8249;6.320311E-06
C:\D drive\Fall 2020\EC500\IMG\robocam_2020_12_12_20_37_19_507.jpg;3.627215;0;0;0;99.66999;85.58897;0.0002394428;26.15337;-5.798108E-07
C:\D drive\Fall 2020\EC500\IMG\robocam_2020_12_12_20_37_19_557.jpg;6.527657;0;0;0;99.66999;85.58897;0.0002391907;26.75943;-7.762512E-06
C:\D drive\Fall 2020\EC500\IMG\robocam_2020_12_12_20_37_19_604.jpg;9.47284;0;0;0;99.67;85.58897;0.0002380396;28.26261;-2.021766E-05
C:\D drive\Fall 2020\EC500\IMG\robocam_2020_12_12_20_37_19_654.jpg;12.30817;0;0;0;99.67;85.58897;0.0002362532;29.65861;-2.980292E-05
C:\D drive\Fall 2020\EC500\IMG\robocam_2020_12_12_20_37_19_702.jpg;15;0;0;0;99.67;85.58897;0.0002348279;32.21294;-4.361592E-05
C:\D drive\Fall 2020\EC500\IMG\robocam_2020_12_12_20_37_19_747.jpg;15;0;0;0;99.67;85.58897;0.0002330251;34.01291;-5.198708E-05
C:\D drive\Fall 2020\EC500\IMG\robocam_2020_12_12_20_37_19_793.jpg;15;0;0;0;99.67;85.58897;0.0002316679;35.81292;-5.919933E-05
C:\D drive\Fall 2020\EC500\IMG\robocam_2020_12_12_20_37_19_841.jpg;15;0;0;0;99.67;85.58897;0.0002288112;38.5129;-6.833615E-05
C:\D drive\Fall 2020\EC500\IMG\robocam_2020_12_12_20_37_19_886.jpg;15;0;0;0;99.67;85.58897;0.0002274898;40.31287;-7.32583E-05
C:\D drive\Fall 2020\EC500\IMG\robocam_2020_12_12_20_37_19_937.jpg;15;0;0;0;99.67;85.58897;0.0002257559;42.11286;-7.753607E-05
C:\D drive\Fall 2020\EC500\IMG\robocam_2020_12_12_20_37_19_979.jpg;13.20805;0;0;0;99.67;85.58897;0.0002245308;43.84122;-8.065494E-05
C:\D drive\Fall 2020\EC500\IMG\robocam_2020_12_12_20_37_20_019.jpg;12.4104;0;0;0;99.67;85.58897;0.0002241476;45.42616;-8.165595E-05
C:\D drive\Fall 2020\EC500\IMG\robocam_2020_12_12_20_37_20_069.jpg;9.427002;0;0;0;99.67;85.58897;0.0002238235;47.34034;-8.067405E-05
C:\D drive\Fall 2020\EC500\IMG\robocam_2020_12_12_20_37_20_113.jpg;6.586764;0;0;0;99.67;85.58897;0.0002245706;48.29377;-7.782187E-05
C:\D drive\Fall 2020\EC500\IMG\robocam_2020_12_12_20_37_20_157.jpg;4.140829;0;0;0;99.67;85.58897;0.0002264269;48.9402;-7.326936E-05
C:\D drive\Fall 2020\EC500\IMG\robocam_2020_12_12_20_37_20_207.jpg;1.263841;0;0;0;99.67;85.58897;0.0002300129;49.34174;-6.273659E-05
C:\D drive\Fall 2020\EC500\IMG\robocam_2020_12_12_20_37_20_255.jpg;0;0;0;0;99.67;85.58897;0.0002327105;49.34174;-5.496543E-05
C:\D drive\Fall 2020\EC500\IMG\robocam_2020_12_12_20_37_20_296.jpg;0;0;0;0;99.67;85.58897;0.0002353339;49.34174;-4.699411E-05
C:\D drive\Fall 2020\EC500\IMG\robocam_2020_12_12_20_37_20_345.jpg;0;0;0;0;99.67;85.58897;0.0002389354;49.34174;-3.490469E-05
C:\D drive\Fall 2020\EC500\IMG\robocam_2020_12_12_20_37_20_392.jpg;0;0;0;0;99.67;85.58897;0.0002412772;49.34174;-2.709464E-05
C:\D drive\Fall 2020\EC500\IMG\robocam_2020_12_12_20_37_20_443.jpg;0;0;0;0;99.67;85.58897;0.0002447305;49.34174;-1.614128E-05
C:\D drive\Fall 2020\EC500\IMG\robocam_2020_12_12_20_37_20_496.jpg;0;0;0;0;99.67;85.58897;0.0002467758;49.34174;-9.067032E-06
C:\D drive\Fall 2020\EC500\IMG\robocam_2020_12_12_20_37_20_536.jpg;0;0.1361886;0;0;99.67026;85.58929;0.01010156;49.34175;-2.365595E-06
C:\D drive\Fall 2020\EC500\IMG\robocam_2020_12_12_20_37_20_588.jpg;0;0.2903049;0;0.02228571;99.67117;85.59034;0.040078;49.4197;-6.647263E-05
C:\D drive\Fall 2020\EC500\IMG\robocam_2020_12_12_20_37_20_637.jpg;0;0.4362126;0;0.01316884;99.67192;85.5912;0.06284194;49.46807;-0.0001475745
C:\D drive\Fall 2020\EC500\IMG\robocam_2020_12_12_20_37_20_683.jpg;0;0.5565426;0;0.03638799;99.67405;85.59369;0.1268264;49.53173;-0.0003960285
C:\D drive\Fall 2020\EC500\IMG\robocam_2020_12_12_20_37_20_724.jpg;0;0.6948119;0;0.05499121;99.67647;85.59653;0.1998756;49.53845;-0.0002182872
C:\D drive\Fall 2020\EC500\IMG\robocam_2020_12_12_20_37_20_767.jpg;0;0.8360531;0;0.08937718;99.6804;85.60114;0.3188999;49.46087;0.0001863723
C:\D drive\Fall 2020\EC500\IMG\robocam_2020_12_12_20_37_20_816.jpg;0;0.9791348;0;0.1197352;99.68467;85.60612;0.4358751;49.61053;-0.001409688
C:\D drive\Fall 2020\EC500\IMG\robocam_2020_12_12_20_37_20_865.jpg;0;1;0;0.1477455;99.69276;85.61562;0.634155;49.64006;-4.433225E-05
C:\D drive\Fall 2020\EC500\IMG\robocam_2020_12_12_20_37_20_911.jpg;0;1;0;0.2105317;99.70007;85.62422;0.8050078;49.66398;-0.0008027331
C:\D drive\Fall 2020\EC500\IMG\robocam_2020_12_12_20_37_20_953.jpg;0;1;0;0.2189856;99.70834;85.63388;0.9823926;49.61076;-0.0005958081
C:\D drive\Fall 2020\EC500\IMG\robocam_2020_12_12_20_37_20_993.jpg;0;1;0;0.2671819;99.71764;85.64474;1.166871;49.58463;-0.0008549114
C:\D drive\Fall 2020\EC500\IMG\robocam_2020_12_12_20_37_21_038.jpg;0;1;0;0.3214482;99.72739;85.65608;1.31786;49.57926;-0.001861239
C:\D drive\Fall 2020\EC500\IMG\robocam_2020_12_12_20_37_21_083.jpg;0;1;0;0.3233054;99.73972;85.67068;1.26562;49.63265;-0.003681249
C:\D drive\Fall 2020\EC500\IMG\robocam_2020_12_12_20_37_21_125.jpg;0;1;0;0.3952865;99.74902;85.68176;1.173224;49.50723;0.0009263785
C:\D drive\Fall 2020\EC500\IMG\robocam_2020_12_12_20_37_21_167.jpg;0;1;0;0.45406;99.75967;85.69417;1.10879;49.45282;0.0001166953
C:\D drive\Fall 2020\EC500\IMG\robocam_2020_12_12_20_37_21_209.jpg;0;1;0;0.4707939;99.77188;85.70837;1.087978;49.40613;-8.830144E-05
C:\D drive\Fall 2020\EC500\IMG\robocam_2020_12_12_20_37_21_266.jpg;0;1;0;0.5107795;99.79194;85.73168;1.092604;49.53808;-0.001984717
C:\D drive\Fall 2020\EC500\IMG\robocam_2020_12_12_20_37_21_308.jpg;0;1;0;0.5415439;99.80647;85.74864;1.11873;49.62589;-0.0008721091
C:\D drive\Fall 2020\EC500\IMG\robocam_2020_12_12_20_37_21_354.jpg;0;1;0;0.5937722;99.8221;85.76687;1.165767;49.63878;-0.0004548887
C:\D drive\Fall 2020\EC500\IMG\robocam_2020_12_12_20_37_21_403.jpg;0;1;0;0.6046895;99.84667;85.79556;1.224825;49.62365;-0.001782499
C:\D drive\Fall 2020\EC500\IMG\robocam_2020_12_12_20_37_21_445.jpg;0;1;0;0.6511763;99.86382;85.81559;1.240601;49.76077;-0.00305341
C:\D drive\Fall 2020\EC500\IMG\robocam_2020_12_12_20_37_21_494.jpg;0;1;0;0.7021711;99.88176;85.83659;1.241834;49.76987;-0.001015482
C:\D drive\Fall 2020\EC500\IMG\robocam_2020_12_12_20_37_21_544.jpg;0;1;0;0.7344567;99.91013;85.86981;1.223987;49.83838;-0.001890553
C:\D drive\Fall 2020\EC500\IMG\robocam_2020_12_12_20_37_21_586.jpg;0;1;0;0.7704512;99.93006;85.89321;1.205182;49.90685;-0.002068671
C:\D drive\Fall 2020\EC500\IMG\robocam_2020_12_12_20_37_21_634.jpg;0;1;0;0.8143539;99.95082;85.91767;1.190308;49.92638;-0.0003505497
C:\D drive\Fall 2020\EC500\IMG\robocam_2020_12_12_20_37_21_675.jpg;0;1;0;0.8536586;99.97274;85.94353;1.201746;50.04223;-0.001751902
C:\D drive\Fall 2020\EC500\IMG\robocam_2020_12_12_20_37_21_728.jpg;0;1;0;0.8885659;100.007;85.98401;1.215595;50.10363;-0.001462897
C:\D drive\Fall 2020\EC500\IMG\robocam_2020_12_12_20_37_21_777.jpg;0;1;0;0.9344927;100.0312;86.01266;1.231704;50.10851;-0.0008300063
C:\D drive\Fall 2020\EC500\IMG\robocam_2020_12_12_20_37_21_827.jpg;0;1;0;0.9672344;100.0689;86.05736;1.242044;50.10221;-0.0009138858
C:\D drive\Fall 2020\EC500\IMG\robocam_2020_12_12_20_37_21_876.jpg;0;1;0;1.021659;100.0949;86.08822;1.236611;50.09739;-0.0009138306
C:\D drive\Fall 2020\EC500\IMG\robocam_2020_12_12_20_37_21_918.jpg;0;1;0;1.053543;100.1216;86.11996;1.224566;50.09239;-0.0008791873
C:\D drive\Fall 2020\EC500\IMG\robocam_2020_12_12_20_37_21_968.jpg;-1.045994;0.8596282;0;1.075709;100.1633;86.16924;1.211645;50.07029;-0.0003796406
C:\D drive\Fall 2020\EC500\IMG\robocam_2020_12_12_20_37_22_014.jpg;-3.101391;0.7226017;0;1.121763;100.1923;86.20297;1.219538;49.97055;-1.36101E-06
C:\D drive\Fall 2020\EC500\IMG\robocam_2020_12_12_20_37_22_059.jpg;-5.174914;0.5843669;0;1.139381;100.2223;86.23695;1.218288;49.78576;0.0002567771
C:\D drive\Fall 2020\EC500\IMG\robocam_2020_12_12_20_37_22_107.jpg;-7.376949;0.4375645;0;1.155374;100.2686;86.28743;1.196241;49.2984;-0.002894817
C:\D drive\Fall 2020\EC500\IMG\robocam_2020_12_12_20_37_22_148.jpg;-8.955621;0.3323197;0;1.164507;100.3005;86.32072;1.175242;48.84935;359.9787
C:\D drive\Fall 2020\EC500\IMG\robocam_2020_12_12_20_37_22_191.jpg;-11.14717;0.1862164;0;1.169767;100.3331;86.35336;1.138798;48.2957;359.9482
C:\D drive\Fall 2020\EC500\IMG\robocam_2020_12_12_20_37_22_246.jpg;-13.41807;0.03482318;0;1.164906;100.3831;86.4007;1.053339;47.37566;359.8745
C:\D drive\Fall 2020\EC500\IMG\robocam_2020_12_12_20_37_22_286.jpg;-15;0;0;1.165088;100.4168;86.43079;0.9685866;46.63306;359.8068
C:\D drive\Fall 2020\EC500\IMG\robocam_2020_12_12_20_37_22_333.jpg;-15;0;0;1.159744;100.4506;86.46009;0.8686995;45.87339;359.7314
C:\D drive\Fall 2020\EC500\IMG\robocam_2020_12_12_20_37_22_384.jpg;-15;0;0;1.156452;100.5016;86.50277;0.6977752;44.74013;359.6086
C:\D drive\Fall 2020\EC500\IMG\robocam_2020_12_12_20_37_22_435.jpg;-15;0;0;1.153088;100.5357;86.53043;0.5735973;43.99065;359.5215
C:\D drive\Fall 2020\EC500\IMG\robocam_2020_12_12_20_37_22_479.jpg;-15;0;0;1.147882;100.57;86.55747;0.4440534;43.24541;359.4312
C:\D drive\Fall 2020\EC500\IMG\robocam_2020_12_12_20_37_22_533.jpg;-15;0;0;1.144311;100.6219;86.59697;0.2444728;42.13414;359.2922
C:\D drive\Fall 2020\EC500\IMG\robocam_2020_12_12_20_37_22_580.jpg;-15;0;0;1.138822;100.6741;86.63523;0.04444132;41.02906;359.1516
C:\D drive\Fall 2020\EC500\IMG\robocam_2020_12_12_20_37_22_625.jpg;-15;0;0;1.135088;100.7093;86.66043;359.929;40.30165;359.0735
C:\D drive\Fall 2020\EC500\IMG\robocam_2020_12_12_20_37_22_670.jpg;-15;0;0;1.128837;100.7449;86.68539;359.8401;39.57661;359.011
C:\D drive\Fall 2020\EC500\IMG\robocam_2020_12_12_20_37_22_717.jpg;-15;0;0;1.124784;100.781;86.71056;359.7915;38.87282;358.983
C:\D drive\Fall 2020\EC500\IMG\robocam_2020_12_12_20_37_22_768.jpg;-15;0;0;1.119897;100.8366;86.74836;359.8128;37.83014;359.0073
C:\D drive\Fall 2020\EC500\IMG\robocam_2020_12_12_20_37_22_813.jpg;-15;0;0;1.112809;100.8746;86.77266;359.8611;37.08938;359.0381
C:\D drive\Fall 2020\EC500\IMG\robocam_2020_12_12_20_37_22_862.jpg;-15;0;0;1.109096;100.9322;86.8075;359.9289;35.94547;359.072
C:\D drive\Fall 2020\EC500\IMG\robocam_2020_12_12_20_37_22_904.jpg;-15;0;0;1.105927;100.9709;86.82974;359.9633;35.17829;359.0845
C:\D drive\Fall 2020\EC500\IMG\robocam_2020_12_12_20_37_22_954.jpg;-15;0;0;1.101379;101.0096;86.85133;359.9909;34.41358;359.0936
C:\D drive\Fall 2020\EC500\IMG\robocam_2020_12_12_20_37_23_002.jpg;-15;0;0;1.098352;101.0677;86.8825;0.01132376;33.27415;359.1042
C:\D drive\Fall 2020\EC500\IMG\robocam_2020_12_12_20_37_23_050.jpg;-15;0;0;1.095486;101.1064;86.90246;0.01101848;32.52075;359.1095
C:\D drive\Fall 2020\EC500\IMG\robocam_2020_12_12_20_37_23_093.jpg;-15;0;0;1.092559;101.1452;86.92179;0.002075204;31.77171;359.1121
C:\D drive\Fall 2020\EC500\IMG\robocam_2020_12_12_20_37_23_138.jpg;-15;0;0;1.088003;101.1841;86.94063;-0.00496947;31.02741;359.1151
C:\D drive\Fall 2020\EC500\IMG\robocam_2020_12_12_20_37_23_188.jpg;-15;0;0;1.084891;101.2426;86.96772;359.9798;29.9133;359.1143
C:\D drive\Fall 2020\EC500\IMG\robocam_2020_12_12_20_37_23_230.jpg;-15;0;0;1.081778;101.2818;86.98512;359.9688;29.17439;359.1136
C:\D drive\Fall 2020\EC500\IMG\robocam_2020_12_12_20_37_23_275.jpg;-15;0;0;1.077008;101.3211;87.00195;359.9574;28.4379;359.1125
C:\D drive\Fall 2020\EC500\IMG\robocam_2020_12_12_20_37_23_321.jpg;-15;0;0;1.073847;101.3801;87.02623;359.9417;27.33819;359.1121
C:\D drive\Fall 2020\EC500\IMG\robocam_2020_12_12_20_37_23_371.jpg;-15;0;0;1.069155;101.4196;87.0417;359.9303;26.60668;359.1101
C:\D drive\Fall 2020\EC500\IMG\robocam_2020_12_12_20_37_23_421.jpg;-15;0;0;1.065984;101.479;87.06384;359.9128;25.51156;359.1047
C:\D drive\Fall 2020\EC500\IMG\robocam_2020_12_12_20_37_23_469.jpg;0;0;0;1.062814;101.5179;87.07962;359.9004;25.03786;359.1443
C:\D drive\Fall 2020\EC500\IMG\robocam_2020_12_12_20_37_23_511.jpg;1.904999;0;0;1.055514;101.5558;87.09754;359.8792;25.02962;359.242
C:\D drive\Fall 2020\EC500\IMG\robocam_2020_12_12_20_37_23_556.jpg;3.749607;0;0;1.052436;101.5932;87.11588;359.8562;25.14112;359.3527
C:\D drive\Fall 2020\EC500\IMG\robocam_2020_12_12_20_37_23_610.jpg;6.029847;0;0;1.049156;101.6488;87.1443;359.8198;25.48112;359.543
C:\D drive\Fall 2020\EC500\IMG\robocam_2020_12_12_20_37_23_652.jpg;8.273426;0;0;1.043513;101.6853;87.16389;359.7948;25.81257;359.6846
C:\D drive\Fall 2020\EC500\IMG\robocam_2020_12_12_20_37_23_699.jpg;10.1519;0;0;1.039083;101.7212;87.18412;359.7694;26.23651;359.8388
C:\D drive\Fall 2020\EC500\IMG\robocam_2020_12_12_20_37_23_750.jpg;12.39361;0;0;1.034529;101.7741;87.21564;359.7308;27.03212;0.09005956
C:\D drive\Fall 2020\EC500\IMG\robocam_2020_12_12_20_37_23_790.jpg;14.45203;0;0;1.026542;101.8086;87.23746;359.705;27.66515;0.2695417
C:\D drive\Fall 2020\EC500\IMG\robocam_2020_12_12_20_37_23_839.jpg;15;0;0;1.021379;101.8424;87.25985;359.6797;28.35594;0.4537678
C:\D drive\Fall 2020\EC500\IMG\robocam_2020_12_12_20_37_23_883.jpg;14.52562;0;0;1.016292;101.8934;87.29375;359.6931;29.38322;0.6691993
C:\D drive\Fall 2020\EC500\IMG\robocam_2020_12_12_20_37_23_931.jpg;12.29646;0;0;1.011189;101.9271;87.3167;359.7133;30.01716;0.7952371
C:\D drive\Fall 2020\EC500\IMG\robocam_2020_12_12_20_37_23_979.jpg;10.22772;0;0;1.008775;101.961;87.33959;359.7491;30.56739;0.8911116
C:\D drive\Fall 2020\EC500\IMG\robocam_2020_12_12_20_37_24_025.jpg;8.163487;0;0;1.006063;102.0125;87.37393;359.8437;31.23626;0.9680117
C:\D drive\Fall 2020\EC500\IMG\robocam_2020_12_12_20_37_24_072.jpg;6.274972;0;0;1.003416;102.0471;87.39683;359.9274;31.58203;0.9791012
C:\D drive\Fall 2020\EC500\IMG\robocam_2020_12_12_20_37_24_117.jpg;3.941997;0;0;1.000264;102.0815;87.41961;0.004127676;31.84974;0.9770389
C:\D drive\Fall 2020\EC500\IMG\robocam_2020_12_12_20_37_24_158.jpg;2.011101;0;0;0.9986267;102.1158;87.44176;0.05641187;32.01918;0.9489509
C:\D drive\Fall 2020\EC500\IMG\robocam_2020_12_12_20_37_24_208.jpg;0;0;0;0.9967106;102.1671;87.47429;0.1136195;32.11689;0.878457
C:\D drive\Fall 2020\EC500\IMG\robocam_2020_12_12_20_37_24_256.jpg;0;0;0;0.9935114;102.2012;87.49564;0.1413203;32.12272;0.819714
C:\D drive\Fall 2020\EC500\IMG\robocam_2020_12_12_20_37_24_301.jpg;0;0;0;0.9914379;102.252;87.5275;0.1700035;32.12374;0.7252584
C:\D drive\Fall 2020\EC500\IMG\robocam_2020_12_12_20_37_24_344.jpg;0;0;0;0.9893664;102.2856;87.54862;0.1805482;32.12395;0.6587921
C:\D drive\Fall 2020\EC500\IMG\robocam_2020_12_12_20_37_24_386.jpg;0;0;0;0.9872904;102.3191;87.56964;0.1846069;32.12415;0.5903368
C:\D drive\Fall 2020\EC500\IMG\robocam_2020_12_12_20_37_24_435.jpg;0;0;0;0.9852066;102.3524;87.59058;0.1826447;32.12434;0.5206363
C:\D drive\Fall 2020\EC500\IMG\robocam_2020_12_12_20_37_24_481.jpg;0;0;0;0.9820618;102.4021;87.6218;0.1695444;32.12462;0.4153027
C:\D drive\Fall 2020\EC500\IMG\robocam_2020_12_12_20_37_24_529.jpg;0;0;0;0.9799504;102.435;87.64252;0.1548463;32.12479;0.3455286
C:\D drive\Fall 2020\EC500\IMG\robocam_2020_12_12_20_37_24_571.jpg;0;0;0;0.9767599;102.4678;87.66315;0.1360509;32.12494;0.2768319
C:\D drive\Fall 2020\EC500\IMG\robocam_2020_12_12_20_37_24_613.jpg;0;0;0;0.9746169;102.5005;87.68372;0.1137479;32.12507;0.2097767
C:\D drive\Fall 2020\EC500\IMG\robocam_2020_12_12_20_37_24_663.jpg;0;0;0;0.9724616;102.5492;87.71444;0.07500992;32.12521;0.1133846
C:\D drive\Fall 2020\EC500\IMG\robocam_2020_12_12_20_37_24_709.jpg;0;0;0.0715614;0.9702951;102.5815;87.73474;0.04230912;32.12427;0.0525744
C:\D drive\Fall 2020\EC500\IMG\robocam_2020_12_12_20_37_24_755.jpg;0;0;0;0.9622017;102.6132;87.7548;-0.001336096;32.14056;-0.003915377
C:\D drive\Fall 2020\EC500\IMG\robocam_2020_12_12_20_37_24_796.jpg;0;0;0;0.9512283;102.6447;87.77464;359.9501;32.1413;359.9422
C:\D drive\Fall 2020\EC500\IMG\robocam_2020_12_12_20_37_24_838.jpg;0;0;0.0620889;0.9450278;102.676;87.7944;359.9;32.13963;359.8921
C:\D drive\Fall 2020\EC500\IMG\robocam_2020_12_12_20_37_24_883.jpg;0;0;0.186429;0.9368784;102.7222;87.82357;359.8135;32.14895;359.8246
C:\D drive\Fall 2020\EC500\IMG\robocam_2020_12_12_20_37_24_926.jpg;0;0;0.3265704;0.9100603;102.7511;87.84177;359.7095;32.18306;359.7852
C:\D drive\Fall 2020\EC500\IMG\robocam_2020_12_12_20_37_24_973.jpg;0;0;0.4508676;0.8647038;102.7772;87.85857;359.5576;32.15205;359.7676
C:\D drive\Fall 2020\EC500\IMG\robocam_2020_12_12_20_37_25_022.jpg;0;0;0.6095541;0.7263103;102.8069;87.87814;359.1373;32.1533;359.791
C:\D drive\Fall 2020\EC500\IMG\robocam_2020_12_12_20_37_25_073.jpg;0;0;0.754224;0.4434595;102.8156;87.8848;358.6356;32.15527;359.854
C:\D drive\Fall 2020\EC500\IMG\robocam_2020_12_12_20_37_25_122.jpg;0;0;0.9132453;0.2734822;102.8177;87.88505;357.7767;31.96754;359.9896
C:\D drive\Fall 2020\EC500\IMG\robocam_2020_12_12_20_37_25_169.jpg;0;0;1;0.2228317;102.8179;87.88509;357.3482;31.9699;0.1206834
C:\D drive\Fall 2020\EC500\IMG\robocam_2020_12_12_20_37_25_215.jpg;0;0;1;0.1233804;102.818;87.8851;357.0443;31.96823;0.1841802
C:\D drive\Fall 2020\EC500\IMG\robocam_2020_12_12_20_37_25_263.jpg;0;0;1;0.0776969;102.8182;87.88512;356.8253;31.959;0.1755663
C:\D drive\Fall 2020\EC500\IMG\robocam_2020_12_12_20_37_25_310.jpg;0;0;1;0.02659844;102.8183;87.88512;356.8383;31.94964;0.1056762
C:\D drive\Fall 2020\EC500\IMG\robocam_2020_12_12_20_37_25_355.jpg;0;0;1;-0.09071912;102.8183;87.88515;356.9792;31.94212;-0.002411953
C:\D drive\Fall 2020\EC500\IMG\robocam_2020_12_12_20_37_25_395.jpg;0;0;1;-0.1342965;102.8183;87.88531;357.2574;31.96125;359.9514
C:\D drive\Fall 2020\EC500\IMG\robocam_2020_12_12_20_37_25_443.jpg;0;0;1;-0.1880514;102.8183;87.88538;357.9059;31.9701;359.9878
C:\D drive\Fall 2020\EC500\IMG\robocam_2020_12_12_20_37_25_489.jpg;0;0;1;-0.2719063;102.8183;87.88535;358.4956;31.9708;0.04200984
C:\D drive\Fall 2020\EC500\IMG\robocam_2020_12_12_20_37_25_538.jpg;0;0;1;-0.2962744;102.8182;87.88523;359.1657;31.96777;0.04874334
C:\D drive\Fall 2020\EC500\IMG\robocam_2020_12_12_20_37_25_583.jpg;0;0;0;-0.2837721;102.8178;87.88501;0.1180022;31.96698;0.0574137
C:\D drive\Fall 2020\EC500\IMG\robocam_2020_12_12_20_37_25_634.jpg;0;0;0;-0.2470556;102.8177;87.88489;0.6936796;31.96551;0.04101771
C:\D drive\Fall 2020\EC500\IMG\robocam_2020_12_12_20_37_25_679.jpg;0;0;0;-0.2198229;102.8175;87.88481;1.198664;31.96536;359.9857
C:\D drive\Fall 2020\EC500\IMG\robocam_2020_12_12_20_37_25_728.jpg;0;0;0;-0.1699571;102.8167;87.88566;1.764788;31.9659;0.006059277
C:\D drive\Fall 2020\EC500\IMG\robocam_2020_12_12_20_37_25_774.jpg;0;0;0;-0.07907544;102.8165;87.88583;1.972192;31.96328;0.02266591
C:\D drive\Fall 2020\EC500\IMG\robocam_2020_12_12_20_37_25_821.jpg;0;0;0;-0.03183204;102.8167;87.88515;2.020604;31.96331;359.991
C:\D drive\Fall 2020\EC500\IMG\robocam_2020_12_12_20_37_25_867.jpg;0;0;0;0.0274125;102.8167;87.88497;1.881548;31.962;359.9912
C:\D drive\Fall 2020\EC500\IMG\robocam_2020_12_12_20_37_25_909.jpg;0;0;0;0.08786754;102.8168;87.88467;1.605668;31.96041;359.9922
C:\D drive\Fall 2020\EC500\IMG\robocam_2020_12_12_20_37_25_950.jpg;0;0;0;0.1616559;102.817;87.88441;1.235031;31.95992;-0.004206026
C:\D drive\Fall 2020\EC500\IMG\robocam_2020_12_12_20_37_25_995.jpg;0;0;0;0.1645843;102.8171;87.88451;0.8621073;31.95937;0.02987281
C:\D drive\Fall 2020\EC500\IMG\robocam_2020_12_12_20_37_26_036.jpg;0;0;0;0.1598408;102.8172;87.88454;0.5011286;31.95926;0.06163917
C:\D drive\Fall 2020\EC500\IMG\robocam_2020_12_12_20_37_26_087.jpg;0;0;0;0.1538492;102.8174;87.8846;359.9851;31.9598;0.1045538
C:\D drive\Fall 2020\EC500\IMG\robocam_2020_12_12_20_37_26_135.jpg;0;0;0;0.1427781;102.8175;87.88464;359.6617;31.96052;0.1298829
C:\D drive\Fall 2020\EC500\IMG\robocam_2020_12_12_20_37_26_179.jpg;0;0;0;0.123279;102.818;87.88425;359.2474;31.96111;0.1105812
C:\D drive\Fall 2020\EC500\IMG\robocam_2020_12_12_20_37_26_227.jpg;0;0;0;0.1093476;102.8182;87.88416;359.0108;31.96112;0.08538179
C:\D drive\Fall 2020\EC500\IMG\robocam_2020_12_12_20_37_26_275.jpg;0;0;0;0.08700429;102.8184;87.88401;358.8087;31.96058;0.04497553
C:\D drive\Fall 2020\EC500\IMG\robocam_2020_12_12_20_37_26_317.jpg;0;0;0;0.05902778;102.8187;87.88366;358.6673;31.95887;359.9721
C:\D drive\Fall 2020\EC500\IMG\robocam_2020_12_12_20_37_26_358.jpg;0;0;0;0.0252356;102.8184;87.88424;358.6252;31.9578;359.9529
C:\D drive\Fall 2020\EC500\IMG\robocam_2020_12_12_20_37_26_407.jpg;0;0;0;-0.01813237;102.8177;87.88532;358.7066;31.96053;359.9926
C:\D drive\Fall 2020\EC500\IMG\robocam_2020_12_12_20_37_26_451.jpg;0;0;0;-0.0372638;102.8178;87.88514;358.8087;31.96075;-0.002310491
C:\D drive\Fall 2020\EC500\IMG\robocam_2020_12_12_20_37_26_492.jpg;0;0;0;-0.04667227;102.8179;87.88487;358.92;31.9608;0.002578267
C:\D drive\Fall 2020\EC500\IMG\robocam_2020_12_12_20_37_26_535.jpg;0;0;0;-0.0529478;102.8179;87.88478;359.0373;31.96093;0.00949058
C:\D drive\Fall 2020\EC500\IMG\robocam_2020_12_12_20_37_26_578.jpg;0;0;0;-0.05389034;102.8178;87.88474;359.157;31.96105;0.0174736
C:\D drive\Fall 2020\EC500\IMG\robocam_2020_12_12_20_37_26_620.jpg;0;0;0;-0.05434106;102.8178;87.88469;359.3389;31.96114;0.02823217
C:\D drive\Fall 2020\EC500\IMG\robocam_2020_12_12_20_37_26_663.jpg;0;0;0;-0.05430786;102.8177;87.88466;359.4601;31.96114;0.03455324
C:\D drive\Fall 2020\EC500\IMG\robocam_2020_12_12_20_37_26_704.jpg;0;0;0;-0.05381333;102.8177;87.88462;359.58;31.96112;0.04017391
C:\D drive\Fall 2020\EC500\IMG\robocam_2020_12_12_20_37_26_747.jpg;0;0;0;-0.05288287;102.8177;87.88459;359.6976;31.96107;0.04508314
C:\D drive\Fall 2020\EC500\IMG\robocam_2020_12_12_20_37_26_792.jpg;0;0;0;-0.05073119;102.8176;87.88456;359.8121;31.961;0.04927869
C:\D drive\Fall 2020\EC500\IMG\robocam_2020_12_12_20_37_26_842.jpg;0;0;0;-0.04883918;102.8176;87.88452;359.9762;31.96086;0.05424439
C:\D drive\Fall 2020\EC500\IMG\robocam_2020_12_12_20_37_26_895.jpg;0;0;0;-0.04539841;102.8175;87.8845;0.07932274;31.96075;0.05668758
C:\D drive\Fall 2020\EC500\IMG\robocam_2020_12_12_20_37_26_942.jpg;0;0;0;-0.04275478;102.8175;87.88447;0.2231101;31.96058;0.05911583
C:\D drive\Fall 2020\EC500\IMG\robocam_2020_12_12_20_37_26_983.jpg;0;0;0;-0.03987209;102.8175;87.88445;0.3108864;31.96047;0.05997343
C:\D drive\Fall 2020\EC500\IMG\robocam_2020_12_12_20_37_27_026.jpg;0;0;0;-0.03678958;102.8174;87.88444;0.39167;31.96037;0.06020943
C:\D drive\Fall 2020\EC500\IMG\robocam_2020_12_12_20_37_27_071.jpg;0;0;0;-0.03186953;102.8174;87.88442;0.4651034;31.96027;0.05985941
C:\D drive\Fall 2020\EC500\IMG\robocam_2020_12_12_20_37_27_114.jpg;0;0;0;-0.02844503;102.8174;87.88441;0.5309088;31.96019;0.05896243
C:\D drive\Fall 2020\EC500\IMG\robocam_2020_12_12_20_37_27_162.jpg;0;0;0;-0.02365371;102.8174;87.88439;0.6065175;31.95998;0.04793014
C:\D drive\Fall 2020\EC500\IMG\robocam_2020_12_12_20_37_27_205.jpg;0;0;0;-0.01870824;102.8174;87.88439;0.6450238;31.95998;0.03789606
C:\D drive\Fall 2020\EC500\IMG\robocam_2020_12_12_20_37_27_247.jpg;0;0;0;-0.01497296;102.8174;87.88439;0.6748864;31.96006;0.0267409
C:\D drive\Fall 2020\EC500\IMG\robocam_2020_12_12_20_37_27_293.jpg;0;0;0;-0.01031224;102.8174;87.88439;0.6963876;31.96016;0.01483651
C:\D drive\Fall 2020\EC500\IMG\robocam_2020_12_12_20_37_27_337.jpg;0;0;0;0;102.8173;87.88439;0.7101071;31.96027;0.002727456
C:\D drive\Fall 2020\EC500\IMG\robocam_2020_12_12_20_37_27_388.jpg;0;0;0;0;102.8173;87.8844;0.7152212;31.96054;359.99
C:\D drive\Fall 2020\EC500\IMG\robocam_2020_12_12_20_37_27_430.jpg;0;0;0;0;102.8173;87.88441;0.7092921;31.96065;359.9839
C:\D drive\Fall 2020\EC500\IMG\robocam_2020_12_12_20_37_27_471.jpg;0;0;0;0;102.8173;87.88441;0.6973224;31.96064;359.9785
C:\D drive\Fall 2020\EC500\IMG\robocam_2020_12_12_20_37_27_512.jpg;0;0;0;0;102.8173;87.88441;0.6796847;31.96064;359.9739
C:\D drive\Fall 2020\EC500\IMG\robocam_2020_12_12_20_37_27_558.jpg;0;0;0;0.01068558;102.8173;87.88441;0.6570971;31.96064;359.9698
C:\D drive\Fall 2020\EC500\IMG\robocam_2020_12_12_20_37_27_601.jpg;0;0;0;0.01261647;102.8174;87.88443;0.6148526;31.96064;359.9646
C:\D drive\Fall 2020\EC500\IMG\robocam_2020_12_12_20_37_27_642.jpg;0;0;0;0.01436291;102.8174;87.88444;0.5817393;31.96063;359.9617
C:\D drive\Fall 2020\EC500\IMG\robocam_2020_12_12_20_37_27_688.jpg;0;0;0;0.01591079;102.8174;87.88444;0.5452207;31.96062;359.9594
C:\D drive\Fall 2020\EC500\IMG\robocam_2020_12_12_20_37_27_729.jpg;0;0;0;0.01784562;102.8174;87.88445;0.5057788;31.96062;359.9576
C:\D drive\Fall 2020\EC500\IMG\robocam_2020_12_12_20_37_27_771.jpg;0;0;0;0.01887239;102.8174;87.88445;0.4638997;31.96062;359.9564
C:\D drive\Fall 2020\EC500\IMG\robocam_2020_12_12_20_37_27_817.jpg;0;0;0;0.01968986;102.8174;87.88446;0.4200642;31.96061;359.9556
C:\D drive\Fall 2020\EC500\IMG\robocam_2020_12_12_20_37_27_858.jpg;0;0;0;0.02029963;102.8174;87.88447;0.374748;31.9606;359.9552
C:\D drive\Fall 2020\EC500\IMG\robocam_2020_12_12_20_37_27_908.jpg;0;0;0;0.02070629;102.8174;87.88448;0.30501;31.96059;359.9555
C:\D drive\Fall 2020\EC500\IMG\robocam_2020_12_12_20_37_27_953.jpg;0;0;0;0.02091592;102.8175;87.88448;0.2579933;31.96058;359.9562
C:\D drive\Fall 2020\EC500\IMG\robocam_2020_12_12_20_37_27_996.jpg;0;0;0;0.0208774;102.8175;87.8845;0.2110537;31.96059;359.9573
C:\D drive\Fall 2020\EC500\IMG\robocam_2020_12_12_20_37_28_038.jpg;0;0;0;0.02063004;102.8175;87.88451;0.1645934;31.96058;359.9587
C:\D drive\Fall 2020\EC500\IMG\robocam_2020_12_12_20_37_28_079.jpg;0;0;0;0.02021715;102.8175;87.88451;0.1189908;31.96058;359.9604
C:\D drive\Fall 2020\EC500\IMG\robocam_2020_12_12_20_37_28_120.jpg;0;0;0;0.01965086;102.8175;87.88453;0.05295854;31.96057;359.9634
C:\D drive\Fall 2020\EC500\IMG\robocam_2020_12_12_20_37_28_162.jpg;0;0;0;0.01894306;102.8175;87.88454;0.01098012;31.96057;359.9658
C:\D drive\Fall 2020\EC500\IMG\robocam_2020_12_12_20_37_28_204.jpg;0;0;0;0.01810665;102.8176;87.88454;359.971;31.96057;359.9683
C:\D drive\Fall 2020\EC500\IMG\robocam_2020_12_12_20_37_28_251.jpg;0;0;0;0.01715471;102.8176;87.88455;359.9332;31.96056;359.9709
C:\D drive\Fall 2020\EC500\IMG\robocam_2020_12_12_20_37_28_292.jpg;0;0;0;0.0155425;102.8176;87.88456;359.8978;31.96056;359.9737
C:\D drive\Fall 2020\EC500\IMG\robocam_2020_12_12_20_37_28_335.jpg;0;0;0;0.01436462;102.8176;87.88457;359.8651;31.96056;359.9765
C:\D drive\Fall 2020\EC500\IMG\robocam_2020_12_12_20_37_28_377.jpg;0;0;0;0.01312104;102.8176;87.88457;359.8351;31.96056;359.9794
C:\D drive\Fall 2020\EC500\IMG\robocam_2020_12_12_20_37_28_419.jpg;0;0;0;0.01182582;102.8176;87.88457;359.808;31.96056;359.9823
C:\D drive\Fall 2020\EC500\IMG\robocam_2020_12_12_20_37_28_460.jpg;0;0;0;0.01049342;102.8176;87.88458;359.7731;31.96056;359.9866
C:\D drive\Fall 2020\EC500\IMG\robocam_2020_12_12_20_37_28_502.jpg;0;0;0;0;102.8176;87.88459;359.7536;31.96056;359.9895
C:\D drive\Fall 2020\EC500\IMG\robocam_2020_12_12_20_37_28_544.jpg;0;0;0;0;102.8176;87.8846;359.7372;31.96056;359.9922
C:\D drive\Fall 2020\EC500\IMG\robocam_2020_12_12_20_37_28_585.jpg;0;0;0;0;102.8176;87.8846;359.7239;31.96056;-0.005078118
C:\D drive\Fall 2020\EC500\IMG\robocam_2020_12_12_20_37_28_630.jpg;0;0;0;0;102.8176;87.88459;359.7136;31.96056;-0.002509699
C:\D drive\Fall 2020\EC500\IMG\robocam_2020_12_12_20_37_28_674.jpg;0;0;0;0;102.8176;87.8846;359.7063;31.96056;-7.038389E-05
C:\D drive\Fall 2020\EC500\IMG\robocam_2020_12_12_20_37_28_717.jpg;0;0;0;0;102.8177;87.8846;359.7019;31.96057;0.002225218
C:\D drive\Fall 2020\EC500\IMG\robocam_2020_12_12_20_37_28_762.jpg;0;0;0;0;102.8177;87.8846;359.7005;31.96058;0.005371751
C:\D drive\Fall 2020\EC500\IMG\robocam_2020_12_12_20_37_28_804.jpg;0;0;0;0;102.8177;87.88459;359.7029;31.96057;0.007257066
C:\D drive\Fall 2020\EC500\IMG\robocam_2020_12_12_20_37_28_847.jpg;0;0;0;0;102.8177;87.88459;359.7077;31.96057;0.008963419
C:\D drive\Fall 2020\EC500\IMG\robocam_2020_12_12_20_37_28_889.jpg;0;0;0;0;102.8177;87.88459;359.7148;31.96057;0.01048516
C:\D drive\Fall 2020\EC500\IMG\robocam_2020_12_12_20_37_28_929.jpg;0;0;0;0;102.8176;87.88459;359.724;31.96057;0.01181934
C:\D drive\Fall 2020\EC500\IMG\robocam_2020_12_12_20_37_28_971.jpg;0;0;0;0;102.8176;87.88459;359.7352;31.96057;0.01296479
C:\D drive\Fall 2020\EC500\IMG\robocam_2020_12_12_20_37_29_017.jpg;0;0;0;0;102.8176;87.88458;359.7481;31.96057;0.01392176
C:\D drive\Fall 2020\EC500\IMG\robocam_2020_12_12_20_37_29_064.jpg;0;0;0;0;102.8176;87.88457;359.7703;31.96058;0.01500951
C:\D drive\Fall 2020\EC500\IMG\robocam_2020_12_12_20_37_29_108.jpg;0;0;0;0;102.8176;87.88457;359.7867;31.96058;0.01550907
C:\D drive\Fall 2020\EC500\IMG\robocam_2020_12_12_20_37_29_150.jpg;0;0;0;0;102.8176;87.88457;359.8042;31.96058;0.01583492
C:\D drive\Fall 2020\EC500\IMG\robocam_2020_12_12_20_37_29_192.jpg;0;0;0;0;102.8176;87.88456;359.8224;31.96057;0.01599397
C:\D drive\Fall 2020\EC500\IMG\robocam_2020_12_12_20_37_29_239.jpg;0;0;0;0;102.8176;87.88455;359.8414;31.96057;0.01599532
C:\D drive\Fall 2020\EC500\IMG\robocam_2020_12_12_20_37_29_284.jpg;0;0;0;0;102.8176;87.88454;359.8705;31.96057;0.01572079
C:\D drive\Fall 2020\EC500\IMG\robocam_2020_12_12_20_37_29_329.jpg;0;0;0;0;102.8176;87.88454;359.8902;31.96057;0.01536925
C:\D drive\Fall 2020\EC500\IMG\robocam_2020_12_12_20_37_29_370.jpg;0;0;0;0;102.8176;87.88453;359.9099;31.96056;0.01489558
C:\D drive\Fall 2020\EC500\IMG\robocam_2020_12_12_20_37_29_413.jpg;0;0;0;0;102.8176;87.88452;359.9294;31.96056;0.01431131
C:\D drive\Fall 2020\EC500\IMG\robocam_2020_12_12_20_37_29_457.jpg;0;0;0;0;102.8176;87.88452;359.9485;31.96057;0.01362884
C:\D drive\Fall 2020\EC500\IMG\robocam_2020_12_12_20_37_29_501.jpg;0;0;0;0;102.8176;87.88451;359.9763;31.96056;0.01244704
C:\D drive\Fall 2020\EC500\IMG\robocam_2020_12_12_20_37_29_543.jpg;0;0;0;0;102.8176;87.88451;359.9939;31.96056;0.01157169
C:\D drive\Fall 2020\EC500\IMG\robocam_2020_12_12_20_37_29_589.jpg;0;0;0;0;102.8176;87.88451;0.0107749;31.96056;0.01064053
C:\D drive\Fall 2020\EC500\IMG\robocam_2020_12_12_20_37_29_630.jpg;0;0;0;0;102.8175;87.88451;0.02670722;31.96056;0.009666056
C:\D drive\Fall 2020\EC500\IMG\robocam_2020_12_12_20_37_29_671.jpg;0;0;0;0;102.8175;87.88451;0.04162886;31.96057;0.008659294
C:\D drive\Fall 2020\EC500\IMG\robocam_2020_12_12_20_37_29_712.jpg;0;0;0;0;102.8175;87.88451;0.05546054;31.96056;0.007631415
C:\D drive\Fall 2020\EC500\IMG\robocam_2020_12_12_20_37_29_757.jpg;0;0;0;0;102.8175;87.8845;0.06813598;31.96056;0.006593568
C:\D drive\Fall 2020\EC500\IMG\robocam_2020_12_12_20_37_29_799.jpg;0;0;0;0;102.8175;87.8845;0.07960188;31.96056;0.005555944
C:\D drive\Fall 2020\EC500\IMG\robocam_2020_12_12_20_37_29_841.jpg;0;0;0;0;102.8175;87.8845;0.09444895;31.96057;0.004020975
C:\D drive\Fall 2020\EC500\IMG\robocam_2020_12_12_20_37_29_888.jpg;0;0;0;0;102.8175;87.8845;0.1027448;31.96057;0.003024968
C:\D drive\Fall 2020\EC500\IMG\robocam_2020_12_12_20_37_29_929.jpg;0;0;0;0;102.8175;87.8845;0.1097469;31.96056;0.002059872
C:\D drive\Fall 2020\EC500\IMG\robocam_2020_12_12_20_37_29_971.jpg;0;0;0;0;102.8175;87.8845;0.1154581;31.96056;0.001132973
